{
  "$schema": "http://json-schema.org/schema#",
  "type": "object",
  "properties": {
    "rabbitmq": {
      "type": "object",
      "properties": {
        "username": {
          "type": "string",
          "title": "RabbitMQ user",
          "form": true
        },
        "password": {
          "type": "string",
          "title": "RabbitMQ password",
          "form": true,
          "description": "Defaults to a random 10-character alphanumeric string if not set"
        }
      }
    },
    "replicas": {
      "type": "integer",
      "form": true,
      "title": "Number of replicas",
      "description": "Number of replicas to deploy"
    },
    "persistence": {
      "type": "object",
      "title": "Persistence configuration",
      "form": true,
      "properties": {
        "enabled": {
          "type": "boolean",
          "form": true,
          "title": "Enable persistence",
          "description": "Enable persistence using Persistent Volume Claims"
        },
        "size": {
          "type": "string",
          "title": "Persistent Volume Size",
          "form": true,
          "render": "slider",
          "sliderMin": 1,
          "sliderMax": 100,
          "sliderUnit": "Gi",
          "hidden": {
            "condition": false,
            "value": "persistence.enabled"
          }
        }
      }
    },
    "volumePermissions": {
      "type": "object",
      "properties": {
        "enabled": {
          "type": "boolean",
          "form": true,
          "title": "Enable Init Containers",
          "description": "Use an init container to set required folder permissions on the data volume before mounting it in the final destination"
        }
      }
    },
    "metrics": {
      "type": "object",
      "form": true,
      "title": "Prometheus metrics details",
      "properties": {
        "enabled": {
          "type": "boolean",
          "title": "Create Prometheus metrics exporter",
          "description": "Create a side-car container to expose Prometheus metrics",
          "form": true
        },
        "serviceMonitor": {
          "type": "object",
          "properties": {
            "enabled": {
              "type": "boolean",
              "title": "Create Prometheus Operator ServiceMonitor",
              "description": "Create a ServiceMonitor to track metrics using Prometheus Operator",
              "form": true,
              "hidden": {
                "condition": false,
                "value": "metrics.enabled"
              }
            }
          }
        }
      }
    }
  }
}
